{"p50": 2.1457672119140625e-06, "p95": 5.388259887695312e-06}